{"nextId":7,"logins":[{"id":1,"hostname":"https://fr-fr.facebook.com","httpRealm":null,"formSubmitURL":"https://fr-fr.facebook.com","usernameField":"email","passwordField":"pass","encryptedUsername":"MEIEEPgAAAAAAAAAAAAAAAAAAAEwFAYIKoZIhvcNAwcECOpCiXQJ8GKeBBjTGAQqzrFAyJk0Gu1z2rtKkHXWHw0p5VU=","encryptedPassword":"MEIEEPgAAAAAAAAAAAAAAAAAAAEwFAYIKoZIhvcNAwcECMbQffhGoplmBBjVnnsb1AbfO3grWoI8+pJ+lHp181NQlOY=","guid":"{272b19a7-728e-4d49-b279-17a8c841622f}","encType":1,"timeCreated":1653317933832,"timeLastUsed":1653317933832,"timePasswordChanged":1653317933832,"timesUsed":1},{"id":2,"hostname":"https://www.reddit.com","httpRealm":null,"formSubmitURL":"https://www.reddit.com","usernameField":"username","passwordField":"password","encryptedUsername":"MDoEEPgAAAAAAAAAAAAAAAAAAAEwFAYIKoZIhvcNAwcECNzfH+tRuHwABBAmBgPX6jQKUOsrB6tCJ44w","encryptedPassword":"MEIEEPgAAAAAAAAAAAAAAAAAAAEwFAYIKoZIhvcNAwcECIs7W9C1Ej/sBBhQs+caPIx44bFELCrfzeStoB2Cp20J0MY=","guid":"{9f3d5059-0841-4c79-a77c-162569364aaa}","encType":1,"timeCreated":1653317961380,"timeLastUsed":1653317961380,"timePasswordChanged":1653317961380,"timesUsed":1},{"id":3,"hostname":"https://twitter.com","httpRealm":null,"formSubmitURL":"https://twitter.com","usernameField":"email","passwordField":"password","encryptedUsername":"MEIEEPgAAAAAAAAAAAAAAAAAAAEwFAYIKoZIhvcNAwcECAt+5dn0mEYbBBjFbZVHtAqRvSDWLQCWW3bbVe8ZdODR3lU=","encryptedPassword":"MEIEEPgAAAAAAAAAAAAAAAAAAAEwFAYIKoZIhvcNAwcECHE0YGtCZj1oBBiY41mrHYs+Gi4Spo69t7TCpzhgaJPgW7U=","guid":"{c058b846-9126-417e-ad62-ef2bc642deb4}","encType":1,"timeCreated":1653317973205,"timeLastUsed":1653317973205,"timePasswordChanged":1653317973205,"timesUsed":1},{"id":4,"hostname":"https://accounts.google.com","httpRealm":null,"formSubmitURL":"https://accounts.google.com","usernameField":"identifier","passwordField":"password","encryptedUsername":"MEIEEPgAAAAAAAAAAAAAAAAAAAEwFAYIKoZIhvcNAwcECMlnprPnwN40BBjKT869xUO4Jp/lQVPk14UQLbqqTh6IYKY=","encryptedPassword":"MEIEEPgAAAAAAAAAAAAAAAAAAAEwFAYIKoZIhvcNAwcECMg+RhMhdROMBBj3S39RQsAMbxQX5knpK17MaxzM42jiSj4=","guid":"{1bc4d97f-7248-4991-ac3d-8f00f7df37b3}","encType":1,"timeCreated":1653317986174,"timeLastUsed":1653317986174,"timePasswordChanged":1653317986174,"timesUsed":1},{"id":5,"hostname":"https://pastebin.com","httpRealm":null,"formSubmitURL":"https://pastebin.com","usernameField":"LoginForm[username]","passwordField":"LoginForm[password]","encryptedUsername":"MDoEEPgAAAAAAAAAAAAAAAAAAAEwFAYIKoZIhvcNAwcECA1XFI5iCJMzBBAWSQBwp7VKo2cYSW+cW8RD","encryptedPassword":"MEIEEPgAAAAAAAAAAAAAAAAAAAEwFAYIKoZIhvcNAwcECOThP7XPXvkcBBhQMfiZl4Yd5Yv71osCsB//O4sEWgD4qX4=","guid":"{851558dc-4eac-4c4a-874a-92f81bfdd623}","encType":1,"timeCreated":1653318181387,"timeLastUsed":1653318181387,"timePasswordChanged":1653318181387,"timesUsed":1},{"id":6,"hostname":"https://pastebin.com","httpRealm":null,"formSubmitURL":"https://pastebin.com","usernameField":"","passwordField":"","encryptedUsername":"MDIEEPgAAAAAAAAAAAAAAAAAAAEwFAYIKoZIhvcNAwcECLiLy66Hib5hBAiD7mnULqH9yg==","encryptedPassword":"MEIEEPgAAAAAAAAAAAAAAAAAAAEwFAYIKoZIhvcNAwcECHaK57PjFrnGBBgnnwQzS0WJL+4DuP7DJz0wFhRjSwMgXGA=","guid":"{10407907-e210-462d-ad4e-af89a55a4a7c}","encType":1,"timeCreated":1653318394907,"timeLastUsed":1653318437524,"timePasswordChanged":1653318437524,"timesUsed":2}],"potentiallyVulnerablePasswords":[],"dismissedBreachAlertsByLoginGUID":{},"version":3}